quality	fixed_acidity	volatile_acidity	citric_acid	residual_sugar	chlorides	free_sulfur_dioxide	total_sulfur_dioxide	density	pH	sulphates	alcohol
5	7.8	0.88	0	2.6	0.098	25	67	0.9968	3.2	0.68	9.8
5	7.4	0.7	0	1.9	0.076	11	34	0.9978	3.51	0.56	9.4
7	7.3	0.65	0	1.2	0.065	15	21	0.9946	3.39	0.47	10
5	6.7	0.58	0.08	1.8	0.097	15	65	0.9959	3.28	0.54	9.2
5	7.8	0.61	0.29	1.6	0.114	9	29	0.9974	3.26	1.56	9.1
7	8.5	0.28	0.56	1.8	0.092	35	103	0.9969	3.3	0.75	10.5
6	7.9	0.32	0.51	1.8	0.341	17	56	0.9969	3.04	1.08	9.2
5	7.9	0.43	0.21	1.6	0.106	10	37	0.9966	3.17	0.91	9.5
5	6.3	0.39	0.16	1.4	0.08	11	23	0.9955	3.34	0.56	9.3
5	7.1	0.71	0	1.9	0.08	14	35	0.9972	3.47	0.55	9.4
6	6.9	0.685	0	2.5	0.105	22	37	0.9966	3.46	0.57	10.6
5	5.2	0.32	0.25	1.8	0.103	13	50	0.9957	3.38	0.55	9.2
7	8.1	0.38	0.28	2.1	0.066	13	30	0.9968	3.23	0.73	9.7
5	7.3	0.45	0.36	5.9	0.074	12	87	0.9978	3.33	0.83	10.5
5	8.1	0.66	0.22	2.2	0.069	9	23	0.9968	3.3	1.2	10.3
5	7.7	0.935	0.43	2.2	0.114	22	114	0.997	3.25	0.73	9.2
5	5.6	0.31	0.37	1.4	0.074	12	96	0.9954	3.32	0.58	9.2
6	6.6	0.5	0.04	2.1	0.068	6	14	0.9955	3.39	0.64	9.4
5	7.7	0.62	0.04	3.8	0.084	25	45	0.9978	3.34	0.53	9.5
5	7.8	0.59	0.18	2.3	0.076	17	54	0.9975	3.43	0.59	10
5	7.7	0.69	0.49	1.8	0.115	20	112	0.9968	3.21	0.71	9.3
5	7.2	0.725	0.05	4.65	0.086	4	11	0.9962	3.41	0.39	10.9
5	6.6	0.705	0.07	1.6	0.076	6	15	0.9962	3.44	0.58	10.7
6	7.7	0.63	0.08	1.9	0.076	15	27	0.9967	3.32	0.54	9.5
4	8.3	0.675	0.26	2.1	0.084	11	43	0.9976	3.31	0.53	9.2
5	8.8	0.41	0.64	2.2	0.093	9	42	0.9986	3.54	0.66	10.5
4	8.3	0.625	0.2	1.5	0.08	27	119	0.9972	3.16	1.12	9.1
5	7.4	0.5	0.47	2	0.086	21	73	0.997	3.36	0.57	9.1
5	6.9	0.55	0.15	2.2	0.076	19	40	0.9961	3.41	0.59	10.1
5	9.3	0.39	0.44	2.1	0.107	34	125	0.9978	3.14	1.22	9.5
6	8.6	0.49	0.28	1.9	0.11	20	136	0.9972	2.93	1.95	9.9
4	5	1.02	0.04	1.4	0.045	41	85	0.9938	3.75	0.48	10.5
5	7	0.5	0.25	2	0.07	3	22	0.9963	3.25	0.63	9.2
6	8.3	0.61	0.3	2.1	0.084	11	50	0.9972	3.4	0.61	10.2
5	8.1	0.575	0.22	2.1	0.077	12	65	0.9967	3.29	0.51	9.2
5	7.8	0.41	0.68	1.7	0.467	18	69	0.9973	3.08	1.31	9.3
5	8.1	0.785	0.52	2	0.122	37	153	0.9969	3.21	0.69	9.3
5	8.4	0.6	0.1	2.2	0.085	14	111	0.9964	3.15	0.66	9.8
6	9.4	0.4	0.31	2.2	0.09	13	62	0.9966	3.07	0.63	10.5
6	8.8	0.55	0.04	2.2	0.119	14	56	0.9962	3.21	0.6	10.9
6	8.8	0.55	0.04	2.2	0.119	14	56	0.9962	3.21	0.6	10.9
5	7.8	0.5	0.17	1.6	0.082	21	102	0.996	3.39	0.48	9.5
5	8.1	1.33	0	1.8	0.082	3	12	0.9964	3.54	0.48	10.9
5	8	0.745	0.56	2	0.118	30	134	0.9968	3.24	0.66	9.4
6	6.6	0.5	0.01	1.5	0.06	17	26	0.9952	3.4	0.58	9.8
5	8.3	0.715	0.15	1.8	0.089	10	52	0.9968	3.23	0.77	9.5
5	7.8	0.56	0.19	2	0.081	17	108	0.9962	3.32	0.54	9.5
6	5.2	0.34	0	1.8	0.05	27	63	0.9916	3.68	0.79	14
5	8.1	0.67	0.55	1.8	0.117	32	141	0.9968	3.17	0.62	9.4
6	6.9	0.49	0.1	2.3	0.074	12	30	0.9959	3.42	0.58	10.2
4	9.2	0.52	1	3.4	0.61	32	69	0.9996	2.74	2.0	9.4
5	7.1	0.43	0.42	5.5	0.07	29	129	0.9973	3.42	0.72	10.5
5	7.1	0.43	0.42	5.5	0.071	28	128	0.9973	3.42	0.71	10.5
5	7.6	0.95	0.03	2	0.09	7	20	0.9959	3.2	0.56	9.6
5	7.4	0.6	0.26	7.3	0.07	36	121	0.9982	3.37	0.49	9.4
5	6.8	0.64	0.1	2.1	0.085	18	101	0.9956	3.34	0.52	10.2
5	7.5	0.705	0.24	1.8	0.36	15	63	0.9964	3	1.59	9.5
6	8	0.42	0.17	2	0.073	6	18	0.9972	3.29	0.61	9.2
5	6.9	0.5	0.04	1.5	0.085	19	49	0.9958	3.35	0.78	9.5
5	7	0.805	0	2.5	0.068	7	20	0.9969	3.48	0.56	9.6
5	8.9	0.61	0.49	2	0.27	23	110	0.9972	3.12	1.02	9.3
6	6.7	0.62	0.21	1.9	0.079	8	62	0.997	3.52	0.58	9.3
5	7.7	0.705	0.1	2.6	0.084	9	26	0.9976	3.39	0.49	9.7
5	8.2	0.5	0.35	2.9	0.077	21	127	0.9976	3.23	0.62	9.4
5	7.6	0.55	0.21	2.2	0.071	7	28	0.9964	3.28	0.55	9.7
5	7.3	0.58	0.3	2.4	0.074	15	55	0.9968	3.46	0.59	10.2
4	6.9	1.09	0.06	2.1	0.061	12	31	0.9948	3.51	0.43	11.4
5	6.8	0.5	0.11	1.5	0.075	16	49	0.99545	3.36	0.79	9.5
7	12.8	0.3	0.74	2.6	0.095	9	28	0.9994	3.2	0.77	10.8
5	7.8	0.44	0.28	2.7	0.1	18	95	0.9966	3.22	0.67	9.4
6	8	0.725	0.24	2.8	0.083	10	62	0.99685	3.35	0.56	10
6	7.8	0.735	0.08	2.4	0.092	10	41	0.9974	3.24	0.71	9.8
5	8.1	0.725	0.22	2.2	0.072	11	41	0.9967	3.36	0.55	9.1
6	7.8	0.34	0.37	2	0.082	24	58	0.9964	3.34	0.59	9.4
6	8.6	0.645	0.25	2	0.083	8	28	0.99815	3.28	0.6	10
6	8.9	0.59	0.5	2	0.337	27	81	0.9964	3.04	1.61	9.5
5	6.9	0.52	0.25	2.6	0.081	10	37	0.99685	3.46	0.5	11
6	8.5	0.37	0.2	2.8	0.09	18	58	0.998	3.34	0.7	9.6
6	7.2	0.63	0	1.9	0.097	14	38	0.99675	3.37	0.58	9
6	7.2	0.63	0	1.9	0.097	14	38	0.99675	3.37	0.58	9
6	12	0.38	0.56	2.1	0.093	6	24	0.99925	3.14	0.71	10.9
7	15	0.21	0.44	2.2	0.075	10	24	1.00005	3.07	0.84	9.2
5	8.2	0.6	0.17	2.3	0.072	11	73	0.9963	3.2	0.45	9.3
6	10.8	0.32	0.44	1.6	0.063	16	37	0.9985	3.22	0.78	10
5	7.7	0.775	0.42	1.9	0.092	8	86	0.9959	3.23	0.59	9.5
5	9.4	0.34	0.37	2.2	0.075	5	13	0.998	3.22	0.62	9.2
7	10	0.31	0.47	2.6	0.085	14	33	0.99965	3.36	0.8	10.5
5	8	0.52	0.03	1.7	0.07	10	35	0.99575	3.34	0.57	10
7	11.8	0.26	0.52	1.8	0.071	6	10	0.9968	3.2	0.72	10.2
6	6.9	0.54	0.04	3	0.077	7	27	0.9987	3.69	0.91	9.4
6	11.5	0.18	0.51	4	0.104	4	23	0.9996	3.28	0.97	10.1
5	7.5	0.65	0.18	7	0.088	27	94	0.99915	3.38	0.77	9.4
6	11.5	0.18	0.51	4	0.104	4	23	0.9996	3.28	0.97	10.1
6	11.4	0.26	0.44	3.6	0.071	6	19	0.9986	3.12	0.82	9.3
7	8.9	0.4	0.32	5.6	0.087	10	47	0.9991	3.38	0.77	10.5
6	12	0.45	0.55	2	0.073	25	49	0.9997	3.1	0.76	10.3
5	11.6	0.42	0.53	3.3	0.105	33	98	1.001	3.2	0.95	9.2
6	10.4	0.55	0.23	2.7	0.091	18	48	0.9994	3.22	0.64	10.3
5	10.8	0.5	0.46	2.5	0.073	5	27	1.0001	3.05	0.64	9.5
5	7.2	0.65	0.02	2.3	0.094	5	31	0.9993	3.67	0.8	9.7
6	11.1	0.18	0.48	1.5	0.068	7	15	0.9973	3.22	0.64	10.1
5	8.4	0.65	0.6	2.1	0.112	12	90	0.9973	3.2	0.52	9.2
6	10.3	0.41	0.42	2.4	0.213	6	14	0.9994	3.19	0.62	9.5
6	10.3	0.53	0.48	2.5	0.063	6	25	0.9998	3.12	0.59	9.3
5	8.6	0.47	0.3	3	0.076	30	135	0.9976	3.3	0.53	9.4
5	9.6	0.56	0.23	3.4	0.102	37	92	0.9996	3.3	0.65	10.1
6	9.6	0.77	0.12	2.9	0.082	30	74	0.99865	3.3	0.64	10.4
5	7.8	0.62	0.05	2.3	0.079	6	18	0.99735	3.29	0.63	9.3
6	10	0.49	0.2	11	0.071	13	50	1.0015	3.16	0.69	9.2
6	13.4	0.27	0.62	2.6	0.082	6	21	1.0002	3.16	0.67	9.7
6	10.2	0.36	0.64	2.9	0.122	10	41	0.998	3.23	0.66	12.5
7	7.9	0.65	0.01	2.5	0.078	17	38	0.9963	3.34	0.74	11.7
5	7.8	0.43	0.32	2.8	0.08	29	58	0.9974	3.31	0.64	10.3
6	12.2	0.34	0.5	2.4	0.066	10	21	1	3.12	1.18	9.2
6	10.9	0.39	0.47	1.8	0.118	6	14	0.9982	3.3	0.75	9.8
7	6.6	0.815	0.02	2.7	0.072	17	34	0.9955	3.58	0.89	12.3
6	9.1	0.785	0	2.6	0.093	11	28	0.9994	3.36	0.86	9.4
5	7.7	0.665	0	2.4	0.09	8	19	0.9974	3.27	0.73	9.3
6	6.7	0.75	0.01	2.4	0.078	17	32	0.9955	3.55	0.61	12.8
7	11.9	0.43	0.66	3.1	0.109	10	23	1	3.15	0.85	10.4
6	8.6	0.45	0.31	2.6	0.086	21	50	0.9982	3.37	0.91	9.9
7	12.8	0.615	0.66	5.8	0.083	7	42	1.0022	3.07	0.73	10
5	10.4	0.575	0.61	2.6	0.076	11	24	1	3.16	0.69	9
5	6.9	0.765	0.02	2.3	0.063	35	63	0.9975	3.57	0.78	9.9
5	7.4	0.55	0.22	2.2	0.106	12	72	0.9959	3.05	0.63	9.2
6	11.5	0.45	0.5	3	0.078	19	47	1.0003	3.26	1.11	11
6	8.3	0.42	0.38	2.5	0.094	24	60	0.9979	3.31	0.7	10.8
6	8.3	0.26	0.42	2	0.08	11	27	0.9974	3.21	0.8	9.4
6	7.4	0.63	0.07	2.4	0.09	11	37	0.9979	3.43	0.76	9.7
6	7.8	0.46	0.26	1.9	0.088	23	53	0.9981	3.43	0.74	9.2
6	13.7	0.415	0.68	2.9	0.085	17	43	1.0014	3.06	0.8	10
5	12.7	0.6	0.65	2.3	0.063	6	25	0.9997	3.03	0.57	9.9
6	11.5	0.59	0.59	2.6	0.087	13	49	0.9988	3.18	0.65	11
5	6.6	0.735	0.02	7.9	0.122	68	124	0.9994	3.47	0.53	9.9
6	11.4	0.6	0.49	2.7	0.085	10	41	0.9994	3.15	0.63	10.5
6	9.8	0.44	0.47	2.5	0.063	9	28	0.9981	3.24	0.65	10.8
4	12.5	0.46	0.49	4.5	0.07	26	49	0.9981	3.05	0.57	9.6
5	7.1	0.735	0.16	1.9	0.1	15	77	0.9966	3.27	0.64	9.3
5	8.6	0.725	0.24	6.6	0.117	31	134	1.0014	3.32	1.07	9.3
6	11.9	0.38	0.51	2	0.121	7	20	0.9996	3.24	0.76	10.4
7	6.6	0.84	0.03	2.3	0.059	32	48	0.9952	3.52	0.56	12.3
5	7.7	0.96	0.2	2	0.047	15	60	0.9955	3.36	0.44	10.9
6	9.5	0.78	0.22	1.9	0.077	6	32	0.9988	3.26	0.56	10.6
7	10.5	0.24	0.47	2.1	0.066	6	24	0.9978	3.15	0.9	11
5	12.3	0.39	0.63	2.3	0.091	6	18	1.0004	3.16	0.49	9.5
6	8	0.67	0.3	2	0.06	38	62	0.9958	3.26	0.56	10.2
5	7	0.62	0.18	1.5	0.062	7	50	0.9951	3.08	0.6	9.3
7	15.6	0.685	0.76	3.7	0.1	6	43	1.0032	2.95	0.68	11.2
6	9.5	0.735	0.1	2.1	0.079	6	31	0.9986	3.23	0.56	10.1
6	8.6	0.53	0.22	2	0.1	7	27	0.9967	3.2	0.56	10.2
6	8.4	0.37	0.53	1.8	0.413	9	26	0.9979	3.06	1.06	9.1
5	7	0.23	0.4	1.6	0.063	21	67	0.9952	3.5	0.63	11.1
5	9.2	0.63	0.21	2.7	0.097	29	65	0.9988	3.28	0.58	9.6
6	9.2	0.43	0.52	2.3	0.083	14	23	0.9976	3.35	0.61	11.3
5	8.1	0.66	0.7	2.2	0.098	25	129	0.9972	3.08	0.53	9
6	10.3	0.5	0.42	2	0.069	21	51	0.9982	3.16	0.72	11.5
5	8.7	0.82	0.02	1.2	0.07	36	48	0.9952	3.2	0.58	9.8
6	12.5	0.37	0.55	2.6	0.083	25	68	0.9995	3.15	0.82	10.4
5	9.6	0.68	0.24	2.2	0.087	5	28	0.9988	3.14	0.6	10.2
5	9.6	0.68	0.24	2.2	0.087	5	28	0.9988	3.14	0.6	10.2
8	9.4	0.3	0.56	2.8	0.08	6	17	0.9964	3.15	0.92	11.7
6	10.6	0.44	0.68	4.1	0.114	6	24	0.997	3.06	0.66	13.4
6	10.2	0.645	0.36	1.8	0.053	5	14	0.9982	3.17	0.42	10
6	9.3	0.775	0.27	2.8	0.078	24	56	0.9984	3.31	0.67	10.6
6	8.7	0.69	0.31	3	0.086	23	81	1.0002	3.48	0.74	11.6
6	7.8	0.52	0.25	1.9	0.081	14	38	0.9984	3.43	0.65	9
6	8.7	0.69	0.31	3	0.086	23	81	1.0002	3.48	0.74	11.6
7	10.4	0.44	0.73	6.55	0.074	38	76	0.999	3.17	0.85	12
7	10.2	0.49	0.63	2.9	0.072	10	26	0.9968	3.16	0.78	12.5
6	10	0.59	0.31	2.2	0.09	26	62	0.9994	3.18	0.63	10.2
6	10	0.59	0.31	2.2	0.09	26	62	0.9994	3.18	0.63	10.2
7	10.5	0.51	0.64	2.4	0.107	6	15	0.9973	3.09	0.66	11.8
3	10.4	0.61	0.49	2.1	0.2	5	16	0.9994	3.16	0.63	8.4
6	9.8	0.25	0.49	2.7	0.088	15	33	0.9982	3.42	0.9	10
5	9.3	0.4	0.49	2.5	0.085	38	142	0.9978	3.22	0.55	9.4
5	7.3	0.365	0.49	2.5	0.088	39	106	0.9966	3.36	0.78	11
5	9.9	0.63	0.24	2.4	0.077	6	33	0.9974	3.09	0.57	9.4
5	11.9	0.38	0.49	2.7	0.098	12	42	1.0004	3.16	0.61	10.3
6	9.1	0.22	0.24	2.1	0.078	1	28	0.999	3.41	0.87	10.3
7	12.9	0.35	0.49	5.8	0.066	5	35	1.0014	3.2	0.66	12
6	9.5	0.46	0.49	6.3	0.064	5	17	0.9988	3.21	0.73	11
6	14.3	0.31	0.74	1.8	0.075	6	15	1.0008	2.86	0.79	8.4
6	10.6	0.31	0.49	2.5	0.067	6	21	0.9987	3.26	0.86	10.7
6	6.8	0.51	0.01	2.1	0.074	9	25	0.9958	3.33	0.56	9.5
5	5	1.04	0.24	1.6	0.05	32	96	0.9934	3.74	0.62	11.5
6	10.9	0.53	0.49	4.6	0.118	10	17	1.0002	3.07	0.56	11.7
6	13	0.47	0.49	4.3	0.085	6	47	1.0021	3.3	0.68	12.7
5	9	0.54	0.49	2.9	0.094	41	110	0.9982	3.08	0.61	9.2
5	12.7	0.6	0.49	2.8	0.075	5	19	0.9994	3.14	0.57	11.4
6	9.8	0.5	0.49	2.6	0.25	5	20	0.999	3.31	0.79	10.7
6	6.2	0.36	0.24	2.2	0.095	19	42	0.9946	3.57	0.57	11.7
6	10.6	0.34	0.49	3.2	0.078	20	78	0.9992	3.19	0.7	10
5	8.8	0.44	0.49	2.8	0.083	18	111	0.9982	3.3	0.6	9.5
5	12.3	0.5	0.49	2.2	0.089	5	14	1.0002	3.19	0.44	9.6
7	12	0.28	0.49	1.9	0.074	10	21	0.9976	2.98	0.66	9.9
7	11.1	0.31	0.49	2.7	0.094	16	47	0.9986	3.12	1.02	10.6
7	10.2	0.29	0.49	2.6	0.059	5	13	0.9976	3.05	0.74	10.5
5	9	0.45	0.49	2.6	0.084	21	75	0.9987	3.35	0.57	9.7
5	8.9	0.595	0.41	7.9	0.086	30	109	0.9998	3.27	0.57	9.3
6	8.5	0.585	0.18	2.1	0.078	5	30	0.9967	3.2	0.48	9.8
6	13.2	0.46	0.52	2.2	0.071	12	35	1.0006	3.1	0.56	9
6	8.3	0.58	0.13	2.9	0.096	14	63	0.9984	3.17	0.62	9.1
6	8.8	0.48	0.41	3.3	0.092	26	52	0.9982	3.31	0.53	10.5
5	8.8	0.24	0.54	2.5	0.083	25	57	0.9983	3.39	0.54	9.2
5	8.2	0.39	0.38	1.5	0.058	10	29	0.9962	3.26	0.74	9.8
5	9.6	0.6	0.5	2.3	0.079	28	71	0.9997	3.5	0.57	9.7
5	11.3	0.37	0.41	2.3	0.088	6	16	0.9988	3.09	0.8	9.3
5	10	0.58	0.22	1.9	0.08	9	32	0.9974	3.13	0.55	9.5
5	6.8	0.69	0	5.6	0.124	21	58	0.9997	3.46	0.72	10.2
6	8.7	0.54	0.26	2.5	0.097	7	31	0.9976	3.27	0.6	9.3
5	10.4	0.28	0.54	2.7	0.105	5	19	0.9988	3.25	0.63	9.5
5	7.9	0.35	0.21	1.9	0.073	46	102	0.9964	3.27	0.58	9.5
5	9.5	0.885	0.27	2.3	0.084	31	145	0.9978	3.24	0.53	9.4
5	9.9	0.54	0.45	2.3	0.071	16	40	0.9991	3.39	0.62	9.4
5	9.5	0.59	0.44	2.3	0.071	21	68	0.9992	3.46	0.63	9.5
5	7.3	0.67	0.05	3.6	0.107	6	20	0.9972	3.4	0.63	10.1
6	6.7	0.42	0.27	8.6	0.068	24	148	0.9948	3.16	0.57	11.3
5	15.9	0.36	0.65	7.5	0.096	22	71	0.9976	2.98	0.84	14.9
5	9.7	0.55	0.17	2.9	0.087	20	53	1.0004	3.14	0.61	9.4
6	7.2	0.52	0.07	1.4	0.074	5	20	0.9973	3.32	0.81	9.6
5	7.5	0.42	0.31	1.6	0.08	15	42	0.9978	3.31	0.64	9
5	12.1	0.4	0.52	2	0.092	15	54	1	3.03	0.66	10.2
6	11.3	0.34	0.45	2	0.082	6	15	0.9988	2.94	0.66	9.2
5	6.9	0.4	0.24	2.5	0.083	30	45	0.9959	3.26	0.58	10
5	8.2	0.73	0.21	1.7	0.074	5	13	0.9968	3.2	0.52	9.5
6	10.8	0.4	0.41	2.2	0.084	7	17	0.9984	3.08	0.67	9.3
5	10.8	0.26	0.45	3.3	0.06	20	49	0.9972	3.13	0.54	9.6
5	8.5	0.46	0.31	2.25	0.078	32	58	0.998	3.33	0.54	9.8
5	8.1	0.78	0.23	2.6	0.059	5	15	0.997	3.37	0.56	11.3
5	7.7	0.66	0.04	1.6	0.039	4	9	0.9962	3.4	0.47	9.4
5	9.2	0.92	0.24	2.6	0.087	12	93	0.9998	3.48	0.54	9.8
5	9	0.47	0.31	2.7	0.084	24	125	0.9984	3.31	0.61	9.4
6	7	0.65	0.02	2.1	0.066	8	25	0.9972	3.47	0.67	9.5
6	10.6	1.02	0.43	2.9	0.076	26	88	0.9984	3.08	0.57	10.1
4	7.5	0.38	0.48	2.6	0.073	22	84	0.9972	3.32	0.7	9.6
5	7	0.78	0.08	2	0.093	10	19	0.9956	3.4	0.47	10
6	9.7	0.31	0.47	1.6	0.062	13	33	0.9983	3.27	0.66	10
5	8.7	0.69	0	3.2	0.084	13	33	0.9992	3.36	0.45	9.4
6	7.2	0.49	0.18	2.7	0.069	13	34	0.9967	3.29	0.48	9.2
5	8.4	0.56	0.04	2	0.082	10	22	0.9976	3.22	0.44	9.6
5	8.9	0.48	0.24	2.85	0.094	35	106	0.9982	3.1	0.53	9.2
4	7.5	1.115	0.1	3.1	0.086	5	12	0.9958	3.54	0.6	11.2
5	6.4	0.57	0.02	1.8	0.067	4	11	0.997	3.46	0.68	9.5
5	9.5	0.55	0.66	2.3	0.387	12	37	0.9982	3.17	0.67	9.6
5	7	0.45	0.34	2.7	0.082	16	72	0.998	3.55	0.6	9.5
5	7.7	0.965	0.1	2.1	0.112	11	22	0.9963	3.26	0.5	9.5
5	9	0.69	0	2.4	0.088	19	38	0.999	3.35	0.6	9.3
5	6.5	0.615	0	1.9	0.065	9	18	0.9972	3.46	0.65	9.2
6	7.3	0.51	0.18	2.1	0.07	12	28	0.99768	3.52	0.73	9.5
6	7.2	0.5	0.18	2.1	0.071	12	31	0.99761	3.52	0.72	9.6
5	8.3	0.65	0.1	2.9	0.089	17	40	0.99803	3.29	0.55	9.5
6	7.8	0.48	0.68	1.7	0.415	14	32	0.99656	3.09	1.06	9.1
5	8.1	0.87	0	2.2	0.084	10	31	0.99656	3.25	0.5	9.8
5	9	0.58	0.25	2.8	0.075	9	104	0.99779	3.23	0.57	9.7
5	9.3	0.655	0.26	2	0.096	5	35	0.99738	3.25	0.42	9.6
5	8.8	0.59	0.18	2.9	0.089	12	74	0.99738	3.14	0.54	9.4
5	7.9	0.72	0.01	1.9	0.076	7	32	0.99668	3.39	0.54	9.6
5	9.5	0.57	0.27	2.3	0.082	23	144	0.99782	3.27	0.55	9.4
5	7.2	1	0	3	0.102	7	16	0.99586	3.43	0.46	10
5	8.3	0.43	0.3	3.4	0.079	7	34	0.99788	3.36	0.61	10.5
5	6.5	0.46	0.14	2.4	0.114	9	37	0.99732	3.66	0.65	9.8
5	7.1	0.59	0.01	2.5	0.077	20	85	0.99746	3.55	0.59	9.8
6	10	0.56	0.24	2.2	0.079	19	58	0.9991	3.18	0.56	10.1
6	7.4	0.37	0.43	2.6	0.082	18	82	0.99708	3.33	0.68	9.7
5	7.7	0.6	0	2.6	0.055	7	13	0.99639	3.38	0.56	10.8
5	8.7	0.46	0.31	2.5	0.126	24	64	0.99746	3.1	0.74	9.6
6	9.4	0.5	0.34	3.6	0.082	5	14	0.9987	3.29	0.52	10.7
7	5.1	0.585	0	1.7	0.044	14	86	0.99264	3.56	0.94	12.9
7	8.2	0.28	0.4	2.4	0.052	4	10	0.99356	3.33	0.7	12.8
5	7.4	0.53	0.12	1.9	0.165	4	12	0.99702	3.26	0.86	9.2
6	12.9	0.5	0.55	2.8	0.072	7	24	1.00012	3.09	0.68	10.9
6	12.6	0.41	0.54	2.8	0.103	19	41	0.99939	3.21	0.76	11.3
6	10.8	0.29	0.42	1.6	0.084	19	27	0.99545	3.28	0.73	11.9
5	7	0.685	0	1.9	0.099	9	22	0.99606	3.34	0.6	9.7
5	6.7	0.54	0.13	2	0.076	15	36	0.9973	3.61	0.64	9.8
7	7.5	0.27	0.34	2.3	0.05	4	8	0.9951	3.4	0.64	11
6	5.9	0.61	0.08	2.1	0.071	16	24	0.99376	3.56	0.77	11.1
3	10.4	0.44	0.42	1.5	0.145	34	48	0.99832	3.38	0.86	9.9
5	7.6	0.665	0.1	1.5	0.066	27	55	0.99655	3.39	0.51	9.3
7	10.1	0.31	0.35	1.6	0.075	9	28	0.99672	3.24	0.83	11.2
5	6.6	0.66	0	3	0.115	21	31	0.99629	3.45	0.63	10.3
6	9.9	0.25	0.46	1.7	0.062	26	42	0.9959	3.18	0.83	10.6
6	7.4	0.68	0.16	1.8	0.078	12	39	0.9977	3.5	0.7	9.9
5	9.3	0.43	0.44	1.9	0.085	9	22	0.99708	3.28	0.55	9.5
6	9.3	0.36	0.39	1.5	0.08	41	55	0.99652	3.47	0.73	10.9
6	9.3	0.36	0.39	1.5	0.08	41	55	0.99652	3.47	0.73	10.9
6	6.8	0.56	0.22	1.8	0.074	15	24	0.99438	3.4	0.82	11.2
5	7.5	0.42	0.32	2.7	0.067	7	25	0.99628	3.24	0.44	10.4
5	7.2	0.635	0.07	2.6	0.077	16	86	0.99748	3.51	0.54	9.7
6	6.8	0.56	0.22	1.8	0.074	15	24	0.99438	3.4	0.82	11.2
5	6.9	0.56	0.03	1.5	0.086	36	46	0.99522	3.53	0.57	10.6
7	10.4	0.38	0.46	2.1	0.104	6	10	0.99664	3.12	0.65	11.8
6	7.7	0.715	0.01	2.1	0.064	31	43	0.99371	3.41	0.57	11.8
5	9.2	0.56	0.18	1.6	0.078	10	21	0.99576	3.15	0.49	9.9
5	7.2	0.6	0.04	2.5	0.076	18	88	0.99745	3.53	0.55	9.5
6	9	0.8	0.12	2.4	0.083	8	28	0.99836	3.33	0.65	10.4
5	10.7	0.9	0.34	6.6	0.112	23	99	1.00289	3.22	0.68	9.3
6	10.1	0.45	0.23	1.9	0.082	10	18	0.99774	3.22	0.65	9.3
6	7.1	0.59	0.01	2.3	0.08	27	43	0.9955	3.42	0.58	10.7
7	8.3	0.31	0.39	2.4	0.078	17	43	0.99444	3.31	0.77	12.5
7	7.4	0.635	0.1	2.4	0.08	16	33	0.99736	3.58	0.69	10.8
7	6.8	0.59	0.06	6	0.06	11	18	0.9962	3.41	0.59	10.8
6	6.1	0.56	0	2.2	0.079	6	9	0.9948	3.59	0.54	11.5
6	9.3	0.38	0.48	3.8	0.132	3	11	0.99577	3.23	0.57	13.2
7	9.4	0.395	0.46	4.6	0.094	3	10	0.99639	3.27	0.64	12.2
5	5.3	0.715	0.19	1.5	0.161	7	62	0.99395	3.62	0.61	11
6	8.4	0.62	0.12	1.8	0.072	38	46	0.99504	3.38	0.89	11.8
6	8.4	0.62	0.12	1.8	0.072	38	46	0.99504	3.38	0.89	11.8
7	8.6	0.22	0.36	1.9	0.064	53	77	0.99604	3.47	0.87	11
5	8.6	0.47	0.27	2.3	0.055	14	28	0.99516	3.18	0.8	11.2
5	7.4	0.61	0.01	2	0.074	13	38	0.99748	3.48	0.65	9.8
5	6.6	0.61	0.01	1.9	0.08	8	25	0.99746	3.69	0.73	10.5
4	12	0.63	0.5	1.4	0.071	6	26	0.99791	3.07	0.6	10.4
7	9.6	0.33	0.52	2.2	0.074	13	25	0.99509	3.36	0.76	12.4
7	9.8	0.5	0.34	2.3	0.094	10	45	0.99864	3.24	0.6	9.7
7	10.2	0.44	0.58	4.1	0.092	11	24	0.99745	3.29	0.99	12
7	8.9	0.12	0.45	1.8	0.075	10	21	0.99552	3.41	0.76	11.9
7	8.2	0.31	0.4	2.2	0.058	6	10	0.99536	3.31	0.68	11.2
5	8.5	0.21	0.52	1.9	0.09	9	23	0.99648	3.36	0.67	10.4
7	6.4	0.57	0.12	2.3	0.12	25	36	0.99519	3.47	0.71	11.3
5	7.1	0.56	0.14	1.6	0.078	7	18	0.99592	3.27	0.62	9.3
6	8.5	0.47	0.27	1.9	0.058	18	38	0.99518	3.16	0.85	11.1
5	8.5	0.66	0.2	2.1	0.097	23	113	0.99733	3.13	0.48	9.2
6	10.4	0.26	0.48	1.9	0.066	6	10	0.99724	3.33	0.87	10.9
5	8.5	0.34	0.44	1.7	0.079	6	12	0.99605	3.52	0.63	10.7
5	7.2	0.41	0.3	2.1	0.083	35	72	0.997	3.44	0.52	9.4
5	12.2	0.45	0.49	1.4	0.075	3	6	0.9969	3.13	0.63	10.4
6	7.3	0.52	0.32	2.1	0.07	51	70	0.99418	3.34	0.82	12.9
6	7.4	0.58	0	2	0.064	7	11	0.99562	3.45	0.58	11.3
5	7.7	0.39	0.12	1.7	0.097	19	27	0.99596	3.16	0.49	9.4
5	7.1	0.34	0.28	2	0.082	31	68	0.99694	3.45	0.48	9.4
5	10	0.35	0.45	2.5	0.092	20	88	0.99918	3.15	0.43	9.4
7	5.6	0.66	0	2.2	0.087	3	11	0.99378	3.71	0.63	12.8
7	7.5	0.43	0.3	2.2	0.062	6	12	0.99495	3.44	0.72	11.5
7	6.8	0.36	0.32	1.8	0.067	4	8	0.9928	3.36	0.55	12.8
7	9.1	0.29	0.33	2.05	0.063	13	27	0.99516	3.26	0.84	11.7
5	9.6	0.5	0.36	2.8	0.116	26	55	0.99722	3.18	0.68	10.9
5	7.7	1.005	0.15	2.1	0.102	11	32	0.99604	3.23	0.48	10
6	10.5	0.39	0.46	2.2	0.075	14	27	0.99598	3.06	0.84	11.4
6	8	0.18	0.37	0.9	0.049	36	109	0.99007	2.89	0.44	12.7
6	11.3	0.36	0.66	2.4	0.123	3	8	0.99642	3.2	0.53	11.9
7	7.7	0.58	0.01	1.8	0.088	12	18	0.99568	3.32	0.56	10.5
5	6.4	0.795	0	2.2	0.065	28	52	0.99378	3.49	0.52	11.6
7	7.1	0.59	0	2.1	0.091	9	14	0.99488	3.42	0.55	11.5
6	7.5	0.57	0.08	2.6	0.089	14	27	0.99592	3.3	0.59	10.4
7	7.6	0.31	0.34	2.5	0.082	26	35	0.99356	3.22	0.59	12.5
6	8.9	0.5	0.21	2.2	0.088	21	39	0.99692	3.33	0.83	11.1
6	8.9	0.5	0.21	2.2	0.088	21	39	0.99692	3.33	0.83	11.1
6	6.9	0.44	0	1.4	0.07	32	38	0.99438	3.32	0.58	11.4
6	9.3	0.49	0.36	1.7	0.081	3	14	0.99702	3.27	0.78	10.9
5	8.5	0.46	0.59	1.4	0.414	16	45	0.99702	3.03	1.34	9.2
6	8.2	0.64	0.27	2	0.095	5	77	0.99747	3.13	0.62	9.1
5	7.6	0.42	0.25	3.9	0.104	28	90	0.99784	3.15	0.57	9.1
6	11.6	0.23	0.57	1.8	0.074	3	8	0.9981	3.14	0.7	9.9
6	10.2	0.29	0.65	2.4	0.075	6	17	0.99565	3.22	0.63	11.8
7	6.6	0.52	0.08	2.4	0.07	13	26	0.99358	3.4	0.72	12.5
5	8	0.62	0.35	2.8	0.086	28	52	0.997	3.31	0.62	10.8
6	7.2	0.35	0.26	1.8	0.083	33	75	0.9968	3.4	0.58	9.5
7	9.1	0.25	0.34	2	0.071	45	67	0.99769	3.44	0.86	10.2
5	8.6	0.37	0.65	6.4	0.08	3	8	0.99817	3.27	0.58	11
7	7.9	0.3	0.68	8.3	0.05	37.5	289	0.99316	3.01	0.51	12.3
6	7.2	0.38	0.3	1.8	0.073	31	70	0.99685	3.42	0.59	9.5
6	7.9	0.19	0.42	1.6	0.057	18	30	0.994	3.29	0.69	11.2
8	10	0.26	0.54	1.9	0.083	42	74	0.99451	2.98	0.63	11.8
7	9.2	0.31	0.36	2.2	0.079	11	31	0.99615	3.33	0.86	12
6	6.6	0.725	0.09	5.5	0.117	9	17	0.99655	3.35	0.49	10.8
5	8.6	0.52	0.38	1.5	0.096	5	18	0.99666	3.2	0.52	9.4
6	6.1	0.48	0.09	1.7	0.078	18	30	0.99402	3.45	0.54	11.2
5	6.3	0.57	0.28	2.1	0.048	13	49	0.99374	3.41	0.6	12.8
5	8.1	0.78	0.1	3.3	0.09	4	13	0.99855	3.36	0.49	9.5
7	5.4	0.42	0.27	2	0.092	23	55	0.99471	3.78	0.64	12.3
6	5	0.4	0.5	4.3	0.046	29	80	0.9902	3.49	0.66	13.6
6	7	0.69	0.07	2.5	0.091	15	21	0.99572	3.38	0.6	11.3
8	7.9	0.54	0.34	2.5	0.076	8	17	0.99235	3.2	0.72	13.1
6	10.7	0.4	0.37	1.9	0.081	17	29	0.99674	3.12	0.65	11.2
6	5.8	0.29	0.26	1.7	0.063	3	11	0.9915	3.39	0.54	13.5
6	10.5	0.43	0.35	3.3	0.092	24	70	0.99798	3.21	0.69	10.5
7	7.4	0.36	0.34	1.8	0.075	18	38	0.9933	3.38	0.88	13.6
6	8	0.25	0.43	1.7	0.067	22	50	0.9946	3.38	0.6	11.9
5	7.5	0.41	0.15	3.7	0.104	29	94	0.99786	3.14	0.58	9.1
6	8.2	0.38	0.32	2.5	0.08	24	71	0.99624	3.27	0.85	11
5	7.3	0.32	0.23	2.3	0.066	35	70	0.99588	3.43	0.62	10.1
7	10	0.41	0.45	6.2	0.071	6	14	0.99702	3.21	0.49	11.8
7	8.2	0.33	0.32	2.8	0.067	4	12	0.99473	3.3	0.76	12.8
6	9.6	0.42	0.35	2.1	0.083	17	38	0.99622	3.23	0.66	11.1
7	8.5	0.18	0.51	1.75	0.071	45	88	0.99524	3.33	0.76	11.8
5	10.2	0.41	0.43	2.2	0.11	11	37	0.99728	3.16	0.67	10.8
7	8.5	0.32	0.42	2.3	0.075	12	19	0.99434	3.14	0.71	11.8
5	8.5	0.44	0.5	1.9	0.369	15	38	0.99634	3.01	1.1	9.4
6	6.5	0.34	0.27	2.8	0.067	8	44	0.99384	3.21	0.56	12
6	7.1	0.59	0	2.2	0.078	26	44	0.99522	3.42	0.68	10.8
6	7.6	0.36	0.31	1.7	0.079	26	65	0.99716	3.46	0.62	9.5
7	7.1	0.66	0	2.4	0.052	6	11	0.99318	3.35	0.66	12.7
6	8.2	0.35	0.33	2.4	0.076	11	47	0.99599	3.27	0.81	11
5	6.8	0.66	0.07	1.6	0.07	16	61	0.99572	3.29	0.6	9.3
5	6.6	0.8	0.03	7.8	0.079	6	12	0.9963	3.52	0.5	12.2
4	8.8	0.955	0.05	1.8	0.075	5	19	0.99616	3.3	0.44	9.6
7	7.2	0.25	0.37	2.5	0.063	11	41	0.99439	3.52	0.8	12.4
6	6.2	0.43	0.22	1.8	0.078	21	56	0.99633	3.52	0.6	9.5
6	7.7	0.26	0.26	2	0.052	19	77	0.9951	3.15	0.79	10.9
7	7.9	0.34	0.36	1.9	0.065	5	10	0.99419	3.27	0.54	11.2
7	7.2	0.36	0.46	2.1	0.074	24	44	0.99534	3.4	0.85	11
5	9.9	0.72	0.55	1.7	0.136	24	52	0.99752	3.35	0.94	10
6	6.8	0.65	0.02	2.1	0.078	8	15	0.99498	3.35	0.62	10.4
6	9.6	0.38	0.42	1.9	0.071	5	13	0.99659	3.15	0.75	10.5
6	7.9	0.57	0.31	2	0.079	10	79	0.99677	3.29	0.69	9.5
6	9	0.39	0.4	1.3	0.044	25	50	0.99478	3.2	0.83	10.9
6	8.1	0.53	0.22	2.2	0.078	33	89	0.99678	3.26	0.46	9.6
5	9.2	0.46	0.23	2.6	0.091	18	77	0.99922	3.15	0.51	9.4
7	5.1	0.42	0	1.8	0.044	18	88	0.99157	3.68	0.73	13.6
5	7.8	0.815	0.01	2.6	0.074	48	90	0.99621	3.38	0.62	10.8
6	7.1	0.75	0.01	2.2	0.059	11	18	0.99242	3.39	0.4	12.8
6	7.1	0.75	0.01	2.2	0.059	11	18	0.99242	3.39	0.4	12.8
5	7.5	0.61	0.2	1.7	0.076	36	60	0.99494	3.1	0.4	9.3
5	8.3	0.56	0.22	2.4	0.082	10	86	0.9983	3.37	0.62	9.5
5	7.4	0.74	0.07	1.7	0.086	15	48	0.99502	3.12	0.48	10
6	7.1	0.6	0.01	2.3	0.079	24	37	0.99514	3.4	0.61	10.9
5	7.1	0.72	0	1.8	0.123	6	14	0.99627	3.45	0.58	9.8
5	6.1	0.64	0.02	2.4	0.069	26	46	0.99358	3.47	0.45	11
6	6.8	0.64	0	2.7	0.123	15	33	0.99538	3.44	0.63	11.3
4	6.3	1.02	0	2	0.083	17	24	0.99437	3.59	0.55	11.2
6	8.5	0.37	0.32	1.8	0.066	26	51	0.99456	3.38	0.72	11.8
6	10.4	0.43	0.5	2.3	0.068	13	19	0.996	3.1	0.87	11.4
6	5	0.38	0.01	1.6	0.048	26	60	0.99084	3.7	0.75	14
5	7.5	0.58	0.2	2	0.073	34	44	0.99494	3.1	0.43	9.3
4	8.5	0.4	0.4	6.3	0.05	3	10	0.99566	3.28	0.56	12
7	9.8	0.3	0.39	1.7	0.062	3	9	0.9948	3.14	0.57	11.5
6	7.9	0.765	0	2	0.084	9	22	0.99619	3.33	0.68	10.9
5	11.3	0.37	0.5	1.8	0.09	20	47	0.99734	3.15	0.57	10.5
5	7	0.6	0.3	4.5	0.068	20	110	0.99914	3.3	1.17	10.2
6	8.2	0.635	0.1	2.1	0.073	25	60	0.99638	3.29	0.75	10.9
6	8.2	0.635	0.1	2.1	0.073	25	60	0.99638	3.29	0.75	10.9
6	7.2	0.53	0.14	2.1	0.064	15	29	0.99323	3.35	0.61	12.1
6	5.2	0.645	0	2.15	0.08	15	28	0.99444	3.78	0.61	12.5
5	8	0.28	0.44	1.8	0.081	28	68	0.99501	3.36	0.66	11.2
5	9.7	0.69	0.32	2.5	0.088	22	91	0.9979	3.29	0.62	10.1
5	7	0.62	0.1	1.4	0.071	27	63	0.996	3.28	0.61	9.2
5	8	1.18	0.21	1.9	0.083	14	41	0.99532	3.34	0.47	10.5
6	7.5	0.63	0.27	2	0.083	17	91	0.99616	3.26	0.58	9.8
6	7.5	0.63	0.27	2	0.083	17	91	0.99616	3.26	0.58	9.8
6	5	0.74	0	1.2	0.041	16	46	0.99258	4.01	0.59	12.5
6	6.7	0.46	0.24	1.7	0.077	18	34	0.9948	3.39	0.6	10.6
6	6.7	0.46	0.24	1.7	0.077	18	34	0.9948	3.39	0.6	10.6
6	7.4	0.6	0.26	2.1	0.083	17	91	0.99616	3.29	0.56	9.8
5	9.1	0.775	0.22	2.2	0.079	12	48	0.9976	3.18	0.51	9.6
5	6	0.5	0	1.4	0.057	15	26	0.99448	3.36	0.45	9.5
6	7.5	0.51	0.02	1.7	0.084	13	31	0.99538	3.36	0.54	10.5
6	7.6	0.54	0.02	1.7	0.085	17	31	0.99589	3.37	0.51	10.4
6	8.2	0.44	0.24	2.3	0.063	10	28	0.99613	3.25	0.53	10.2
5	7.2	0.655	0.03	1.8	0.078	7	12	0.99587	3.34	0.39	9.5
6	7.2	0.62	0.01	2.3	0.065	8	46	0.99332	3.32	0.51	11.8
5	7.2	0.58	0.03	2.3	0.077	7	28	0.99568	3.35	0.52	10
6	7.3	0.43	0.24	2.5	0.078	27	67	0.99648	3.6	0.59	11.1
5	9.2	0.54	0.31	2.3	0.112	11	38	0.99699	3.24	0.56	10.9
4	8	0.83	0.27	2	0.08	11	63	0.99652	3.29	0.48	9.8
5	7.3	0.74	0.08	1.7	0.094	10	45	0.99576	3.24	0.5	9.8
4	6.6	0.61	0	1.6	0.069	4	8	0.99396	3.33	0.37	10.4
5	8.7	0.78	0.51	1.7	0.415	12	66	0.99623	3	1.17	9.2
5	7.2	0.56	0.26	2	0.083	13	100	0.99586	3.26	0.52	9.9
6	7.2	0.45	0.15	2	0.078	10	28	0.99609	3.29	0.51	9.9
5	6.8	0.83	0.09	1.8	0.074	4	25	0.99534	3.38	0.45	9.6
5	7.1	0.755	0.15	1.8	0.107	20	84	0.99593	3.19	0.5	9.5
5	7.4	0.64	0.07	1.8	0.1	8	23	0.9961	3.3	0.58	9.6
6	6	0.49	0	2.3	0.068	15	33	0.99292	3.58	0.59	12.5
5	8	0.52	0.25	2	0.078	19	59	0.99612	3.3	0.48	10.2
5	8.7	0.675	0.1	1.6	0.09	4	11	0.99745	3.31	0.65	9.55
6	7.2	0.67	0	2.2	0.068	10	24	0.9956	3.42	0.72	11.1
6	7.6	0.3	0.42	2	0.052	6	24	0.9963	3.44	0.82	11.9
7	7.7	0.28	0.3	2	0.062	18	34	0.9952	3.28	0.9	11.3
7	8.1	0.29	0.36	2.2	0.048	35	53	0.995	3.27	1.01	12.4
6	6.4	0.47	0.4	2.4	0.071	8	19	0.9963	3.56	0.73	10.6
5	10	0.32	0.59	2.2	0.077	3	15	0.9994	3.2	0.78	9.6
7	7.3	0.34	0.33	2.5	0.064	21	37	0.9952	3.35	0.77	12.1
5	7.8	0.53	0.01	1.6	0.077	3	19	0.995	3.16	0.46	9.8
4	6.4	0.53	0.09	3.9	0.123	14	31	0.9968	3.5	0.67	11
6	7.7	0.23	0.37	1.8	0.046	23	60	0.9971	3.41	0.71	12.1
5	7.9	0.18	0.4	2.2	0.049	38	67	0.996	3.33	0.93	11.3
6	5.9	0.44	0	1.6	0.042	3	11	0.9944	3.48	0.85	11.7
6	10.2	0.54	0.37	15.4	0.214	55	95	1.00369	3.18	0.77	9
5	7	0.59	0	1.7	0.052	3	8	0.996	3.41	0.47	10.3
6	7.4	0.785	0.19	5.2	0.094	19	98	0.99713	3.16	0.52	9.56666666666667
6	7.3	0.67	0.02	2.2	0.072	31	92	0.99566	3.32	0.68	11.1
5	6.8	0.67	0	1.9	0.08	22	39	0.99701	3.4	0.74	9.7
7	7.2	0.37	0.32	2	0.062	15	28	0.9947	3.23	0.73	11.3
5	7.6	0.49	0.33	1.9	0.074	27	85	0.99706	3.41	0.58	9
6	6	0.54	0.06	1.8	0.05	38	89	0.99236	3.3	0.5	10.55
7	7.9	0.2	0.35	1.7	0.054	7	15	0.99458	3.32	0.8	11.9
6	6.8	0.64	0.03	2.3	0.075	14	31	0.99545	3.36	0.58	10.4
5	6.8	0.59	0.1	1.7	0.063	34	53	0.9958	3.41	0.67	9.7
7	7.3	0.48	0.32	2.1	0.062	31	54	0.99728	3.3	0.65	10
5	6.7	0.7	0.08	3.75	0.067	8	16	0.99334	3.43	0.52	12.6
5	9.9	0.5	0.5	13.8	0.205	48	82	1.00242	3.16	0.75	8.8
7	5.3	0.47	0.11	2.2	0.048	16	89	0.99182	3.54	0.88	13.6
4	5.6	0.62	0.03	1.5	0.08	6	13	0.99498	3.66	0.62	10.1
5	8.1	0.33	0.44	1.5	0.042	6	12	0.99542	3.35	0.61	10.7
5	6.8	0.68	0.21	2.1	0.07	9	23	0.99546	3.38	0.6	10.3
6	6.2	0.57	0.1	2.1	0.048	4	11	0.99448	3.44	0.76	10.8
5	6.2	0.65	0.06	1.6	0.05	6	18	0.99348	3.57	0.54	11.95
6	7	0.43	0.02	1.9	0.08	15	28	0.99492	3.35	0.81	10.6
6	6.6	0.895	0.04	2.3	0.068	7	13	0.99582	3.53	0.58	10.8
5	7.8	0.82	0.29	4.3	0.083	21	64	0.99642	3.16	0.53	9.4
6	7.5	0.38	0.57	2.3	0.106	5	12	0.99605	3.36	0.55	11.4
6	7.5	0.38	0.57	2.3	0.106	5	12	0.99605	3.36	0.55	11.4
6	6.4	0.36	0.21	2.2	0.047	26	48	0.99661	3.47	0.77	9.7
6	6.4	0.56	0.15	1.8	0.078	17	65	0.99294	3.33	0.6	10.5
5	6.1	0.32	0.25	2.3	0.071	23	58	0.99633	3.42	0.97	10.6
5	6.6	0.7	0.08	2.6	0.106	14	27	0.99665	3.44	0.58	10.2
5	6.1	0.32	0.25	2.3	0.071	23	58	0.99633	3.42	0.97	10.6
5	6.7	0.48	0.08	2.1	0.064	18	34	0.99552	3.33	0.64	9.7
6	7.9	0.29	0.49	2.2	0.096	21	59	0.99714	3.31	0.67	10.1
5	6.1	0.705	0.1	2.8	0.081	13	28	0.99631	3.6	0.66	10.2
7	6.6	0.56	0.14	2.4	0.064	13	29	0.99397	3.42	0.62	11.7
6	5.4	0.58	0.08	1.9	0.059	20	31	0.99484	3.5	0.64	10.2
6	6.2	0.52	0.08	4.4	0.071	11	32	0.99646	3.56	0.63	11.6
6	11.1	0.44	0.42	2.2	0.064	14	19	0.99758	3.25	0.57	10.4
5	7	0.57	0.02	2	0.072	17	26	0.99575	3.36	0.61	10.2
8	7.4	0.36	0.3	1.8	0.074	17	24	0.99419	3.24	0.7	11.4
6	6.3	0.68	0.01	3.7	0.103	32	54	0.99586	3.51	0.66	11.3
7	7	0.56	0.17	1.7	0.065	15	24	0.99514	3.44	0.68	10.55
5	6.9	0.63	0.33	6.7	0.235	66	115	0.99787	3.22	0.56	9.5
5	7.8	0.6	0.26	2	0.08	31	131	0.99622	3.21	0.52	9.9
5	7.2	0.695	0.13	2	0.076	12	20	0.99546	3.29	0.54	10.1
5	7.2	0.695	0.13	2	0.076	12	20	0.99546	3.29	0.54	10.1
6	6.4	0.36	0.53	2.2	0.23	19	35	0.9934	3.37	0.93	12.4
6	6	0.58	0.2	2.4	0.075	15	50	0.99467	3.58	0.67	12.5
6	8	0.3	0.63	1.6	0.081	16	29	0.99588	3.3	0.78	10.8
5	6.2	0.56	0.09	1.7	0.053	24	32	0.99402	3.54	0.6	11.3
5	6.1	0.715	0.1	2.6	0.053	13	27	0.99362	3.57	0.5	11.9
6	7.2	0.39	0.44	2.6	0.066	22	48	0.99494	3.3	0.84	11.5
6	7.2	0.66	0.33	2.5	0.068	34	102	0.99414	3.27	0.78	12.8
6	5.4	0.74	0.09	1.7	0.089	16	26	0.99402	3.67	0.56	11.6
5	6.2	0.6	0.08	2	0.09	32	44	0.9949	3.45	0.58	10.5
5	5.9	0.645	0.12	2	0.075	32	44	0.99547	3.57	0.71	10.2
